title,url,price,avg_review,num_reviews,desc_text,desc_list,prod_category
"Nintendo Switch Lite Console, Turquoise",https://www.walmart.com/ip/Nintendo-Switch-Lite-Console-Turquoise/306029956,199.00,4.6,1233,"Introducing Nintendo Switch Lite, a new version of the Nintendo Switch system that's optimized for personal, handheld play. Nintendo Switch Lite is a small and light Nintendo Switch system at a great price. With a built-in +Control Pad, and a sleek, unibody design, Nintendo Switch Lite is great for on-the-go gaming. Nintendo Switch Lite is compatible with popular games such as Super Mario Odyssey, Mario Kart 8 Deluxe, Super Smash Bros. Ultimate, The Legend of Zelda: Breath of the Wild, and more. If you're looking for a gaming system all your own, Nintendo Switch Lite is ready to hit the road whenever you are.Handheld Nintendo Switch gaming at a great price; For every member of your family, there's a member of ours; Optimized for personal, handheld play, Nintendo Switch Lite is a small and light Nintendo Switch system; Features a sleek, unibody design with fully integrated controls and a built-in +Control Pad; Compatible with all physical and digital Nintendo Switch games that support Handheld mode",,Video Games
Hotels.com $200 Gift Card (email Delivery),https://www.walmart.com/ip/Hotels-com-200-Gift-Card-email-Delivery/530562791,200.00,4.3,26,"The Hotels.com Gift Card is redeemable on bookings at over 220,000 hotels in 200 countries worldwide, ranging from international chains and all-inclusive resorts to local favorites and bed & breakfasts. Redeemable on Hotels.com, the Hotels.com Gift Card can be used in conjunction with member-only-deals and promotions. Bookings with the Hotels.com Gift Card count toward free nights with Hotels.com® Rewards where customers can earn a free* night for every 10 nights stayed. For more information visit www.hotels.com/giftcards or e-mail giftcards@hotels.com. *Subject to Hotels.com Rewards terms and conditions, as set out at www.Hotels.com. To view frequently asked questions about this product visit www.e-deliverygroup.com/faq There are no returns or refunds on electronically fulfilled PIN numbers.Walmart.com is not responsible for stolen or misplaced PINs. *Pins are usually delivered in minutes or, at most, within 48 hours depending on additional order validation required by Wal-Mart or your Credit Card company. You will receive a confirmation email from Walmart.com within minutes of successful order placement. A second email from walmartonline@e-deliverygroup.com with access to your PIN will be delivered within 60 minutes* If you have issues receiving your email, go to the following webpage to access your purchase: www.walmart.e-deliverygroup.com. Enter your email address used to order on Walmart.com, your billing ZIP code and your Walmart.com Order Number (your order number can be found on your confirmation email from Walmart.com or in your Account Order History on Walmart.com).Hotels.com $200 (email delivery)",,Gifts & Registry
"Serta Big & Tall Bonded Leather Commercial Office Chair with Memory Foam, Black",https://www.walmart.com/ip/Serta-Big-Tall-Bonded-Leather-Commercial-Office-Chair-with-Memory-Foam-Black/52657563,169.00,4.4,933,,,Home
"OVERPOWERED Gaming Laptop 17+, 2 Year Warranty, 144Hz, Intel i7-8750H, NVIDIA GeForce GTX 1060, Mechanical LED Keyboard, 256 SSD, 2TB HDD, 32GB RAM, Windows 10",https://www.walmart.com/ip/OVERPOWERED-17-3-Gaming-Laptop/887474519,1699.00,4.0,95,"Maximize your gaming potential with the OVERPOWERED Gaming Laptop 17+. It features the same 144Hz screen as the OVERPOWERED Gaming Laptop 15 but kicks things into high gear with an Intel i7 CPU for even faster processing. It also packs 16GB of RAM, which further boosts memory and response time. This 144hz gaming laptop displays impressive graphics thanks to the NVIDIA GeForce GTX 1060 GPU. A 1TB HDD and double-sized 256GB SSD provide vast storage space for multiple games and other important data. Control your characters and type out messages using a mechanical keyboard also designed with stylish LED lighting. A suitable desktop replacement notebook, the OVERPOWERED Gaming Laptop 17+ features SD card slots and multiple USB ports for easy data transfers.","17.3"" 144Hz screen,Intel i7-8750H CPU with 2.20 GHz speed,NVIDIA GeForce GTX 1060 GPU with 6GB VRAM,Mechanical RGB LED keyboard,32GB RAM with 2667 MHz speed,2TB HDD,256GB SSD,Windows 10 pre-installed on Overpowered laptop 17,1080p/ 144Hz screen,VR ready,2 year warranty,1x USB 2.0, 2x USB 3.0, 1x USB C ports,1x SD card slot,1x HDMI slot,2 Mini display port,15.5"" x 10"" x 1"",5.65lbs",Video Games
"Avery Circle Labels, Sure Feed, 2"", 60 Glossy Labels (22817)",https://www.walmart.com/ip/Avery-Circle-Labels-Sure-Feed-2-60-Glossy-Labels-22817/19400053?wpa_bd=&wpa_pg_seller_id=F55CDC31AB754BB68FE0B39041159D63&wpa_ref_id=wpaqs:me8h1w9OOQTixjw0nb32tSunUsdE1B1ZYtLZZFYHkgceuWPUz0h2CuZcv6qa90HAgQSJ6odAn4kKNkJmVifRIOVC6WtSH1OO11cSjOCFKQfP5jKvxCOc5PSwd8dI3xfZ3aFZCMVRxXNGYPCn89XFvVZpxChji9eHtgdxMJKBOnFDA8GlqWKczoXeMRIqHmG-lNjY_3WoYkVJIUxhnI3EXQ&wpa_tag=__tag__&wpa_aux_info=__aux_info__&wpa_pos=1&wpa_plmt=__plmt__&wpa_aduid=__aduid__,6.05,4.6,182,"Create a premium appearance in an instant with Avery glossy white labels. Great for pantry organization and storage. This eye-catching material adds a beautiful sheen that helps your print appear brighter and sharper. These sheets also feature exclusive Avery Sure Feed technology to improve print alignment and avoid paper jams. The textured, blue strip on the top of each sheet provides better grip for your printer rollers and helps feed each page accurately. The permanent adhesive makes sure that the labels hold fast to multiple surfaces including paper, cardboard, plastic, glass, painted metals and film. The unique Easy Peel label design also lets you apply labels as fast as you need them. Just fold the sheet back to display the Pop-Up Edge for convenient and quick peeling. The print-to-the-edge layout also lets you create borderless designs that fill the entire label. Avery Design & Print also makes it easy to create beautiful, personalized labels from your office or home. The free browser-based software has all of the tools you need to make planner labels, wedding labels, teacher stickers, candy jar labels and more. Try it out today at avery.com/templates.","Use glossy, white round labels to create elegant looking thank you gifts and for home organization.,Personalize bottle labels, mason jar labels, labels for bins and more using the free online templates found at avery.com/templates.,Print round labels with full-bleed designs as the print-to-the-edge feature allows you to print text, colors and images right to the edge of the label without a border or outline.,Sure Feed technology provides a more reliable feed through your printer, preventing jams and misalignments.,Permanent adhesive keeps these round stickers secure on multiple surfaces so they won't peel, curl, or fall off.",Office Supplies
"Coral Crepe Paper Streamer, 81 ft, 1ct",https://www.walmart.com/ip/Coral-Crepe-Paper-Streamer-81-ft-1ct/55395356,1.98,4.4,126,Brighten up your special celebration with our Crepe Paper Coral Streamers. Our coral party supplies are sweet as can be for a baby shower. Wrap a length of streamers around banisters and pillars or drape swirls of streamers across a doorway. You can even tape strips of streamers around the edges of a table to create a fringe or fasten the strips on top of a door frame like a funky door curtain. Another fun party decorating idea is using streamers to make a fancy tented ceiling look. Get in touch with your creative side with our classic party streamers and matching coral party supplies.,"1 Roll of Crepe Paper Coral Streamers,Coral Party Streamers measure 81ft,Tape strands across a doorway, wrap around a banister, or decorate a wall,Ideal for a birthday party or bridal shower,Combine with more coral party supplies",Party & Occasions
"Tissue Paper Fan Decorations, 6 in, Gold, 3ct",https://www.walmart.com/ip/Tissue-Paper-Fan-Decorations-6-in-Gold-3ct/50017934,2.73,,0,"Your guests will be in awe when they see your party space dressed up with these Mini Gold Tissue Paper Party Decorations. They are easy to hang with tape, staples or thumbtacks and look fantastic above a table or as part of a wall display. The tissue paper fan flowers are fitting decor for monumental celebrations, including a wedding, a New Year's Eve party, a graduation or an anniversary party. You can also use them to add a decorative touch to a baby shower, birthday celebration, reunion and much more. They come with three to a pack and each one measures 26"" in length. The flowers include an attached string for hanging and adhesive to keep the paper rosette open during the celebration. Coordinate them with other gold party supplies and party decorations.","Package of 3 Mini Gold Tissue Paper Fan Decorations,Mini Gold Tissue Paper Fans measure 6"",These Gold Tissue Paper Decorations are a stylish addition to a New Years Eve party, a wedding, a Christmas party or Mardi Gras party,Include an attached string for easy hanging and adhesive to keep the paper rosette open,Coordinate with other Gold party supplies and party decorations",Party & Occasions
Epson 502 EcoTank Color Combo Pack Auto-Stop Ink Bottles,https://www.walmart.com/ip/Epson-502-EcoTank-Color-Combo-Pack-Auto-Stop-Ink-Bottles/605343702,28.50,4.3,31,"Epson genuine ink compatible with ET-2700, ET-2750, ET-3700, ET-3750, ET-4750, ET-2760, ET-3710, ET-3760, ET-4760Epson 502 EcoTank Color Combo Pack Auto-Stop Ink Bottles",,Electronics
"Everyday Essentials All-Purpose 1/2-Inch High Density Foam Exercise Yoga Mat Anti-Tear with Carrying Strap, Blue",https://www.walmart.com/ip/Everyday-Essentials-All-Purpose-1-2-Inch-High-Density-Foam-Exercise-Yoga-Mat-Anti-Tear-with-Carrying-Strap-Blue/275846958,19.97,4.7,1377,"Everyday Essentials All-Purpose 1/2-Inch Exercise Yoga Mat Anti-Tear with Carrying Strap, Blue",,Sports & Outdoors
"HP Stream 14 Laptop, Intel Celeron N4000, 4GB SDRAM, 32GB eMMC, Office 365 1-yr, Brilliant Black",https://www.walmart.com/ip/HP-Stream-14-Laptop-Intel-Celeron-N4000-4GB-SDRAM-32GB-eMMC-Office-365-1-yr-Brilliant-Black/470907822,297.98,3.6,247,"Portable, stylish design: With a thin, lightweight design and bold, bright colors, this laptop was never meant to stand still. It travels easily and comes in a vibrant, non-traditional color for a uniquely personal look. Windows 10 Home in S mode and Office 365 Personal included: Experience the most secure Windows ever built, streamlined for security and superb performance. Add in full access to Microsoft Excel, Word, PowerPoint, OneNote, Access, and 60 Skype minutes per month for one year, plus 1TB OneDrive cloud storage for one year for improved productivity. Connect and go: The improved 802.11 ac 2x2 Wi-Fi antenna delivers a stronger, more reliable Internet connection than before and with up to 14 hours and 15 minutes of video playback battery life, you'll enjoy enhanced streaming, fast downloads, and smooth web surfing all day. This item was manufactured in 2019.Key specifications  ","Operating system: Windows 10 Home in S mode ,Subscription: Office 365 Personal 1-year Processor: IntelÂ® CeleronÂ® N4000,Display: 14.0-inch diagonal HD SVA BrightView WLED-backlit (1366 x 768)Â ,ÂÂ Memory: 4 GB DDR4-2400 SDRAM (1 x 4 GB),Internal storage: 32 GB eMMCÂÂ ,Graphics: IntelÂÂÂÂ® UHD Graphics 600ÂÂ ,Battery life: Up to 14 hours and 15 minutes (video playback) Up to 11 hours and 30 minutes (wireless streaming)ÂÂ ,Wireless: Realtek 802.11b/g/n/ac (2x2) BluetoothÂÂÂÂ® 4.2 combo (MU-MIMO supported)ÂÂ ,Camera: HP Webcam with integrated digital microphoneÂÂ ,Product weight: 3.17 lb,Hard Drive 32GB eMMC",Electronics
onn. 50-inch Tripod,https://www.walmart.com/ip/onn-50-inch-Tripod/682019908,18.87,3.3,31,"Pics or it didn't happen! Take your selfie game to the next level or capture the best shots of your team in action with our 50-inch Tripod. The mount attachment fits most small compact cameras, GoPro cameras and smartphones, making it a versatile, must-have for any selfie or action enthusiast. Take as many pics as you want. . . these legs never get tired! Focus onn.","Adjustable height: extends 15.75"" to 50"",Mounts most small compact cameras, smartphones & GoPro cameras,Swivel head,Bubble-level,Non-slip rubber feet,Supports up to 4.4 lbs,Weighs 1.1 lbs,Leg braces for added stability,What's in the box? 1 Tripod, 1 Quick-Release Mounting Plate, 1 GoPro Mount & 1 Smartphone Adapter",Electronics
Fujifilm Instax Mini Rainbow Instant Film Pack,https://www.walmart.com/ip/Fujifilm-Instax-Mini-Rainbow-Instant-Film-Pack/43745776,7.98,4.5,114,Fujifilm Instax Mini Rainbow Instant Film PackFuji Instax Mini Rainbow Film - 10 count,,Electronics
"Lightning to SD Card Camera Reader, Certified Tail Camera Card Reader for Hunting for Apple iPhone / iPad (UPGRADED VERSION) - White",https://www.walmart.com/ip/Lightning-to-SD-Card-Camera-Reader-Certified-Tail-Camera-Card-Reader-for-Hunting-for-Apple-iPhone-iPad-UPGRADED-VERSION-White/949442816?wpa_bd=&wpa_pg_seller_id=BF8E4CE3B2E4435C87D41B2BE9942FB9&wpa_ref_id=wpaqs:BB6KL3GWGCiClHFpP8a4HDuNYb0xeQAwwmlulSEPAwcTykKhR7pW0aTHCZYoxVMl-r8V2J53IX8mQ6OWGlYkWZweHVGHa2-pWqVh4Ym8L6WPCdSdeMCUGDZwwpA0FEts3aFZCMVRxXNGYPCn89XFvVZpxChji9eHtgdxMJKBOnEK3WlzniKW61TDbacnVYc1lNjY_3WoYkVJIUxhnI3EXQ&wpa_tag=__tag__&wpa_aux_info=__aux_info__&wpa_pos=1&wpa_plmt=__plmt__&wpa_aduid=__aduid__,14.99,3.8,20,"✔UPGRADED COMPATIBILITY: SD Card Reader Adapter Compatible with ALL iPhone and iPad Devices with iOS 9.2 and Up. Used for Dash Camera, Home Camera, Sport Camera, Unmanned Aerial Vehicle, ETC.","✔UPGRADED COMPATIBILITY: SD Card Reader Adapter Compatible with ALL iPhone and iPad Devices with iOS 9.2 and Up. Used for Dash Camera, Home Camera, Sport Camera, Unmanned Aerial Vehicle, ETC.,✔SUPPORTED CAPACITY: Support Secure Digital (Standard SD and SDHC), Support the Memory Cards Capacity Less than 64GB (Does Not Include SD Card) Note: Do NOT support Wi-Fi SD card and SONY High Speed SD Card.,✔PLUG & PLAY: Don't Require any Additional Driver or App, Easily Connect the SD Card Adapter to your iPhone / iPad Device, Wait for About 5-10 Seconds, it will Read Photo and Video Automatically!,✔FAST DATA TRANSFER SPEED: 14MB/S ~ 16MB/S - USB 2.0 Speed ; Simple way to Copy Photos and Video to Camera in a Short Time, Easier then WiFi Transfer.,✔WARRANTY AND SERVICES: 30-Day Return & 1-Year Replacement Warranty and Life-Time Technical Support. Buy this Lightning to SD Card Camera Reader with Confidence; it's Absolutely Risk Free !",Electronics
"Girl or Boy Photo Booth Backdrop, Photography Background in Twinkle Little Star Theme for Gender Reveal Party Supplies and Decorations, 7 x 5 feet",https://www.walmart.com/ip/Girl-or-Boy-Photo-Booth-Backdrop-Photography-Background-in-Twinkle-Little-Star-Theme-for-Gender-Reveal-Party-Supplies-and-Decorations-7-x-5-feet/832050407,13.99,,0,Package Includes,"Gender Reveal Photo Booth Backdrop Girl Boy Twinkle Star Party Decorations 5x7ft x 1,Gender Reveal Photobooth Backdrop, Twinkle Twinkle Little Star (5 x 7 ft.),GENDER REVEAL BACKDROP: Add some fun to your party decorations and photo taking with this ""Girl or Boy? Twinkle Twinkle Little Star How We Wonder What You Are"" gender reveal backdrop,HIGH QUALITY: Made of 100 percent polyester plastic and themed backdrop measures approximately 5 x 7 feet,WHAT’S INSIDE: Comes with 1 gender reveal backdrop per pack,WHAT’S INSIDE: Comes with 1 gender reveal backdrop per pack,This multicolor background makes taking photos all the more fun and cheerful. The sturdy plastic backdrop is made of thick material. Perfect for a gender reveal party, and studio shoots, the backdrop doesn't have any hanging accessories.,Product names are trademark of listed manufacturer or other owners, and are not trademarks of eForCity Corp. The manufacturer does not necessarily endorse use of these products.,GENDER REVEAL BACKDROP: Add some fun to your party decorations and photo taking with this ""Girl or Boy? Twinkle Twinkle Little Star How We Wonder What You Are"" gender reveal backdrop,HIGH QUALITY: Made of 100 percent polyester plastic and themed backdrop measures approximately 5 x 7 feet,WHAT’S INSIDE: Comes with 1 gender reveal backdrop per pack",Electronics
10.2 Selfie Ring Light w/ Tripod Stand & Phone Holder 3 Modes 10 Brightness Level 120 LED Bulbs Dimmable Selfie Ringlight for Live Stream Makeup YouTube Video Photography Shooting,https://www.walmart.com/ip/10-2-Selfie-Ring-Light-w-Tripod-Stand-Phone-Holder-3-Modes-10-Brightness-Level-120-LED-Bulbs-Dimmable-Ringlight-Live-Stream-Makeup-YouTube-Video-Phot/310698996?wpa_bd=&wpa_pg_seller_id=D762F4FFE6244B77B328071EF83777E8&wpa_ref_id=wpaqs:7UQ5lbSjeCAot5VSPZFcMYTNJOMreMr7Ob7gAE5ZgDV6WDYZHC2K9tBAeQ-YUCWONopPheI4m0lqXxYUbY15vfhjM9RjhtXzMFAy6raP_9vQSb0_Iq6A7pfiz_qvThDN3aFZCMVRxXNGYPCn89XFvVZpxChji9eHtgdxMJKBOnEK3WlzniKW61TDbacnVYc1lNjY_3WoYkVJIUxhnI3EXQ&wpa_tag=__tag__&wpa_aux_info=__aux_info__&wpa_pos=5&wpa_plmt=__plmt__&wpa_aduid=__aduid__,39.99,4.6,47,,,Home
"Digipower Super Star Essential Vlogging Kit, with LED Light, Microphone, Tripod and Mount",https://www.walmart.com/ip/Digipower-Super-Star-Essential-Vlogging-Kit-with-LED-Light-Microphone-Tripod-and-Mount/407042062,34.50,3.7,44,"Create podcasts, Youtube videos and all things social media with this 5pc essentials blogging kit. The kit includes a microphone, light, bracket and tripod with a smartphone mount which fits all phone sizes and cameras.","Compact LED Video light provides elite lighting with 45 degrees of illumination,The angle bracket serves as a stabelizer and lets you mount all your accessories at once, from you light, mic, phone a combination or all of them at the same time,Smartphone Mount: The mount works 100% for samller to newer, larger phones",Cell Phones
Scoop Women’s Floral Print Dress with Asymmetric Ruffled Hem,https://www.walmart.com/ip/Scoop-Women-s-Floral-Print-Dress-with-Asymmetric-Ruffled-Hem/712452287,49.00,,0,,,Clothing
Eddie Bauer First Ascent Men's Microtherm 2.0 Stormdown Jacket,https://www.walmart.com/ip/Eddie-Bauer-First-Ascent-Men-s-Microtherm-2-0-Stormdown-Jacket/852925272,137.40,4.1,703,,,Clothing
"Best Choice Products Set of 72 Shatterproof Handcrafted Assorted Hanging Christmas Ornaments w/ Embossed Glitter Design, Gold",https://www.walmart.com/ip/Best-Choice-Products-Set-of-72-Shatterproof-Handcrafted-Assorted-Hanging-Christmas-Ornaments-w-Embossed-Glitter-Design-Gold/409363830,24.99,4.7,64,,,Home
"Fruit of the Loom Women's Heather Hi-Cut, 10 Pack",https://www.walmart.com/ip/Fruit-of-the-Loom-Women-s-Heather-Hi-Cut-10-Pack/105167854,14.48,4.4,257,,,Clothing
"Women's Strappy Sports Bra, Style 9036, 3-Pack",https://www.walmart.com/ip/Women-s-Strappy-Sports-Bra-Style-9036-3-Pack/5664166,12.94,4.5,1131,,,Clothing
Fruit of the Loom Women's Athleisure Essentials Soft Elbow Length V-Neck T-Shirt,https://www.walmart.com/ip/Fruit-of-the-Loom-Women-s-Athleisure-Essentials-Soft-Elbow-Length-V-Neck-T-Shirt/702932963,8.50,4.3,207,,,Clothing
Chanel Large Over-Sized CC Earring Logo Vintage Gold Clip 97p 2ca511,https://www.walmart.com/ip/Chanel-Large-Over-Sized-CC-Earring-Logo-Vintage-Gold-Clip-97p-2ca511/939139790,359.10,,0,,,Jewelry
"KitchenAid Pro KP26M1XFL 600 Series 6 Quart Bowl-Lift Stand Mixer, Matte Fresh Linen - Closeout",https://www.walmart.com/ip/KitchenAid-Pro-KP26M1XFL-600-Series-6-Quart-Bowl-Lift-Stand-Mixer-Matte-Fresh-Linen-Closeout/936280972,279.99,4.7,7095,,,Home
Best Choice Products 6ft Pre-Lit Snow Flocked Artificial Christmas Pine Tree Holiday Decor w/ 250 Warm White Lights,https://www.walmart.com/ip/Best-Choice-Products-6ft-Pre-Lit-Snow-Flocked-Artificial-Christmas-Pine-Tree-Holiday-Decor-w-250-Warm-White-Lights/733093410,119.99,4.3,187,,,Home
Gymax  6' PVC Artificial Christmas Tree Holiday Decor Slim Pencil Tree Metal Stand,https://www.walmart.com/ip/Gymax-6-PVC-Artificial-Christmas-Tree-Holiday-Decor-Slim-Pencil-Tree-Metal-Stand/720477344?wpa_bd=&wpa_pg_seller_id=C5EB76CB80CC4185A2F22BF678B36649&wpa_ref_id=wpaqs:kSY69Tk_Y4IEPTk0QFPzjrJ8YyBD_pM8l8dYhj7fVc-BTsbE8y3bZwml6PsN6VMc4LAsWij6Dgk2tyRqeA8tVG_TqXFGAMDLZfGB0Yd5oqIRUBjvjcuotc5zvFujDFGPitDTx4Hk3-mn9BV2fxygt1kLam3XYNTd0Vdhzf84xHWfyAN6wiQzuBa3FlvB7_GezvutgEcxFvKSYet36H1sSQ&wpa_tag=__tag__&wpa_aux_info=__aux_info__&wpa_pos=3&wpa_plmt=__plmt__&wpa_aduid=__aduid__,39.99,,0,,,Home
Black & Red Oversized Plaid Blanket Scarf,https://www.walmart.com/ip/Black-Red-Oversized-Plaid-Blanket-Scarf/908363880,15.99,,0,,,Clothing
12-Pack Paisley Print Bandanas,https://www.walmart.com/ip/12-Pack-Paisley-Print-Bandanas/605882052,14.99,3.1,48,,,Clothing
Daisy Rose Tri-fold Checkered Wallet - RFID Blocking with Card Holder Organizer -PU Vegan Leather - Black,https://www.walmart.com/ip/Daisy-Rose-Tri-fold-Checkered-Wallet-RFID-Blocking-with-Card-Holder-Organizer-PU-Vegan-Leather-Black/718929080?wpa_bd=&wpa_pg_seller_id=15476C2FC9774E2F90084DD32D43BDB4&wpa_ref_id=wpaqs:FyyCOQxrdmxD75rKVWLohqsi9V_3Y9Un7NgE19AK2CrfDCy_SN8mhR2JrvXX8lD2VpDkBmFuaP8cennUyU-HP4CfcV2aSmI1_TQTVKPHJ2tBbPemicL7dQg0ef_xLKueitDTx4Hk3-mn9BV2fxygt1kLam3XYNTd0Vdhzf84xHU4wGJsiTNPjVYauux_sJPKzvutgEcxFvKSYet36H1sSQ&wpa_tag=__tag__&wpa_aux_info=__aux_info__&wpa_pos=2&wpa_plmt=__plmt__&wpa_aduid=__aduid__,17.78,4.8,16,,,Clothing
"RESPAWN 110 Racing Style Gaming Chair, Reclining Ergonomic Leather Chair with Footrest, in Gray (RSP-110-GRY)",https://www.walmart.com/ip/RESPAWN-110-Racing-Style-Gaming-Chair-Reclining-Ergonomic-Leather-Chair-with-Footrest-in-Gray-RSP-110-GRY/443350037,215.00,4.4,1014,,,Home
X Rocker Pro 200 Gaming Chair Rocker with Sound Enhancement Features,https://www.walmart.com/ip/X-Rocker-Pro-200-Gaming-Chair-Rocker-with-Sound-Enhancement-Features/5700301,89.00,4.4,192,,,Home
"Urban Shop Swivel Mesh Office Chair, Multiple Colors",https://www.walmart.com/ip/Urban-Shop-Swivel-Mesh-Office-Chair-Multiple-Colors/55728572,38.57,4.3,2329,,,Home
"Mainstays Multi-Purpose Organizer Task Lamp, Black",https://www.walmart.com/ip/Mainstays-Multi-Purpose-Organizer-Task-Lamp-Black/257971770,14.94,4.6,68,,,Home
"Your Zone 3D Plush Figural Pillow, Dinosaur",https://www.walmart.com/ip/Your-Zone-3D-Plush-Figural-Pillow-Dinosaur/945422396,9.96,4.8,58,,,Home
"Pixie Fox Single Shower Curtain Purple/Pink 72"" x 72""",https://www.walmart.com/ip/Pixie-Fox-Single-Shower-Curtain-Purple-Pink-72-x-72/513607084,24.99,,0,,,Home
Impressions Hardy Indoor Modern Geometric Area Rug or Runner Rugs,https://www.walmart.com/ip/Impressions-Hardy-Indoor-Modern-Geometric-Area-Rug-or-Runner-Rugs/685421739?wpa_bd=&wpa_pg_seller_id=F55CDC31AB754BB68FE0B39041159D63&wpa_ref_id=wpaqs:RCmeV-jE6y4BV0TAtZ8I7AW8AMIawVO7Egl4r0NxQD9IYPgQAsp6jmUmkwzZFwGZ9YYJoTUwhNTE3zkULQJUA_c9tm1CTq59O-_JtmFwZh4Z0iKbFEuey_KHoaagtpV-3aFZCMVRxXNGYPCn89XFvVZpxChji9eHtgdxMJKBOnFhCaRfAteW-7eJxDJpoXQtlNjY_3WoYkVJIUxhnI3EXQ&wpa_tag=__tag__&wpa_aux_info=__aux_info__&wpa_pos=1&wpa_plmt=__plmt__&wpa_aduid=__aduid__,94.99,4.6,157,,,Home
Star Wars: The Mandalorian Baby Yoda Pillow Buddy,https://www.walmart.com/ip/Star-Wars-The-Mandalorian-Baby-Yoda-Pillow-Buddy/738403227?wpa_bd=&wpa_pg_seller_id=F55CDC31AB754BB68FE0B39041159D63&wpa_ref_id=wpaqs:Nd2qtM80mhC38Kn7MgJy4MY9EjamIOVUrMah9X6MOcabOMUedwKb2Pd3XgJcLhgAgQSJ6odAn4kKNkJmVifRIL_Wx5ZEbehMmuvSf4fTvTvgZBUpYKAwP5cTQ_A_fIwfitDTx4Hk3-mn9BV2fxygt1kLam3XYNTd0Vdhzf84xHUiokjzXFadw1Zk89Z1Y0y1zvutgEcxFvKSYet36H1sSQ&wpa_tag=__tag__&wpa_aux_info=__aux_info__&wpa_pos=2&wpa_plmt=__plmt__&wpa_aduid=__aduid__,15.96,4.8,47,,,Home
"9 Liquid Dye Colorant Set for Soap Coloring, Bath Bomb Making - Plum, Brown, lemon, Black, Rose, Peach, Turquoise, Wine, and Green (10 ml Each color)",https://www.walmart.com/ip/9-Liquid-Dye-Colorant-Set-for-Soap-Coloring-Bath-Bomb-Making-Plum-Brown-lemon-Black-Rose-Peach-Turquoise-Wine-and-Green-10-ml-Each-color/298528353,11.15,,0,"Better Crafts Soap Dyes Set are of premium quality with vibrant array of colors. Just add a few drops and transform simple soaps, bath bombs, salt/sugar Scrubs, lotions, or Shampoo into appealing ones! Could also be softly swirled for a marble or tie- dye effect. For best results use with soaps. With Better Crafts Soap Dyes Set possibilities for creativity in soap making are endless!Note: Each bottle contains 0.338 oz.",,Arts Crafts & Sewing
"Jillibean Soup 12"" x 12"" Mix the Media Weathered White Wooden Plank, 1 Each",https://www.walmart.com/ip/Jillibean-Soup-12-x-12-Mix-the-Media-Weathered-White-Wooden-Plank-1-Each/52625157,10.97,4.8,12,"Jillibean Soup 12"" x 12"" Mix the Media Wheathered White Wooden Plank: Weathered White. Paint it, stencil it, embellish it! Wood planks make great mixed media pieces to coordinate with rustic, industrial or modern decor. This package contains one 12x12x1-7/8 inch wooden plank with a jute string. Imported.Jillibean Soup 12"" x 12"" Mix the Media Wheathered White Wooden Plank, 1 Each",,Arts Crafts & Sewing
"12PCS Iron On Patches, Denim Patches for Jeans, Jean patches, Clothes Patch",https://www.walmart.com/ip/12PCS-Iron-On-Patches-Denim-Patches-for-Jeans-Jean-patches-Clothes-Patch/246455243,7.99,3.6,25,"The next time there's a hole or tear in your jeans, fix them in the comfort of your own home with these Iron-On Denim Patches. They're easy to use and apply, as no sewing is required, allowing you to quickly repair your jeans and have them looking beautiful again. These denim patches for jeans can also be decorated or die-cut to your liking and also to fit the garment you're applying them to. They're made of 100 percent cotton and are ideal for tears and rips that occur in the inner thighs or at the knees. Each pack includes a dozen of these Iron-On Denim Patches.","Material: 100% cotton,Size: 4.9"" X 3.7"",No sewing required, this patch can be decorated or die-cut and applied to most fabrics (Not recommended for use on nylon, or rayon),Ideal jean patches for inner thighs,Nice patches to repair jeans, knee patches for kids' pants,12 iron-on patches for clothes per pack",Arts Crafts & Sewing
Efavormart 500pcs Artifical Real Looking Rose Petals for Wedding Aisle Party Favor Jewelry Candy Sheer Flower Decoration,https://www.walmart.com/ip/Efavormart-500pcs-Artifical-Real-Looking-Rose-Petals-for-Wedding-Aisle-Party-Favor-Jewelry-Candy-Sheer-Flower-Decoration/865726613,2.99,4.3,29,,,Home
"Zimtown 8 in 1 Heat Press Machine, 12"" x 15"" Digital LED 1200W Transfer Sublimation Machine, for Printing T-Shirt / Hat / Mug / Plate / Cap, Dual LCD Timer, 360 Degree Swivel",https://www.walmart.com/ip/Zimtown-8-1-Heat-Press-Machine-12-x-15-Digital-LED-1200W-Transfer-Sublimation-Printing-T-Shirt-Hat-Mug-Plate-Cap-Dual-LCD-Timer-360-Degree-Swivel/801451953,226.99,3.5,4, ,"This 8 in 1 heat press machine can be used for T-shirts, caps, ceramic plates, ceramic tiles, mugs, coasters, mouse pads, jigsaw puzzles, lettering, other misc. fabrics & materials. It can transfer colorful pictures and characters of sublimating and dissolved printing ink onto ceramics, glasses and textiles such as cotton, flax, chemical fiber, nylon, etc.,(1) Platen Press: 12"" x 15""; ,(2) Hat/Cap Press: 6""x 3"" (curved); ,(3) Mug Press: 6oz; ,(4) Mug Press: 11oz; ,(5) Mug Press: 15oz (Cone); ,(6) Mug Press: 17oz (Cone); ,(7) Plate Press (#1): 5"", Max Diameter; ,(8) Plate Press (#2): 6"", Max Diameter. ,The 12"" x 15"" (38X30cm) heat platen provides a big surface to transfer onto flat surfaced items such as T-shirts, ceramic plates, mouse pads, jigsaw puzzles etc.,4/5"" thick heating board - built-in structural support to maintain flatness. Warm up quickly and offer even heating. 24/5"" long arm handle - comfortable rubber grip for everyday use and long production runs,Full 360-degree rotation. New Swing Away Design helps you avoid these. The heating element could be moved safely aside and reduce the chances of accidental contact.,1250W Wattage and Temperature Range 32 - 480 Fahrenheit degree (0 - 250 Centigrade), Rhinestone could also heat press perfectly! Timer Control 0-999 Seconds; Adjustable Height 13 1/2"" to 17"", could transfer colorful pictures on various things.,The heat transfer press with teflon-coated platen press element, preventing scorching of transfers, and does not require a separate silicone/teflon sheet. Harmless to The Cloth: convenient to clean, and provide attractive appearance.,Preset the desired temperature and timer. Intelligent audible alarm after the transfer done.,This allows the pressure to be adjusted according to the thickness of the material you're transferring to,Tt is elevated with dual supports. Easily exchange to other elements,Allows pressure to be more evenly distributed across the entire platen when ,1. Power Input: 110V/60Hz,2. Wattage: 1250W ,3. Temperature Range: 32 - 450°F（0 - 232°C）,4. Timer Control: 0-999 Seconds,5. Adjustable Height: 13 1/2"" to 17"",6. Cord Length: 4.9"",7. Dimensions: (16.93 x 15.35 x 16.54)"" / (43 x 39 x 42)cm (L x W x H) ,1 x Fully-assembled Machine with Platen Press,1 x Hat Press,4 x Mug Presses,2 x Plate Presses,1 x Silicone Pad,1 x Cotton Pad,1 x Manual,T-shirts, Cups and Hats are Not Included,Digital Led Controller And Eight Elements,Large 12"" x 15"" transfer element,360 Degree Swing Away Design,Digital LED controller",Arts Crafts & Sewing
"80 Count, 2 Pack Equate Beauty Makeup Remover Wipes",https://www.walmart.com/ip/80-Count-2-Pack-Equate-Beauty-Makeup-Remover-Wipes/38294506,5.97,4.4,637,"Equate Beauty Makeup Remover Cleansing Towelettes are a gentle way to put your best face forward each day. These towelettes are pre-moistened, so you can use them immediately, without adding water. They quickly dissolve all traces of dirt, oil, and makeup from your face and neck. Even hard to remove waterproof mascara doesn't stand a chance. After using, your face will feel thoroughly clean and will be ready for the next step in your skin care regime. Both alcohol-free and oil-free, these towelettes work for a variety of skin types, and they won't irritate your skin with daily use. The resealable lid keeps moisture in and helps keep these towelettes lasting longer in your beauty cabinet. Packaged in a convenient two-pack, you can easily keep one pack with you on the go and one at home. Equate Beauty Makeup Remover Cleansing Towelettes uses only quality ingredients to gently clean your face day or night.","Dissolves all traces of dirt, oil, and makeup,Pre-moistened facial wipes,Gentle on skin,Packaged in a convenient two-pack,Leaves skin feeling clean,Resealable lid keeps moisture in",Beauty
"(2 Pack) Equate 70% Isopropyl Alcohol, 32 Oz",https://www.walmart.com/ip/2-Pack-Equate-70-Isopropyl-Alcohol-32-Oz/706238851,3.92,4.8,10266,"Take care of wounds with Equate 70% Isopropyl Alcohol. This first aid antibacterial cleansing agent helps prevent the risk of infection in minor cuts, scrapes and burns. It is 70% concentrate isopropyl alcohol and can be used for preparation of skin prior to injection. Equate's isopropyl alcohol is great for cleaning topical cuts, scrapes, and bruises on knees, hands and any other areas. For best results, clean affected area one to three times a day by applying a small amount of this antiseptic. You can also use this isopropyl alcohol for removing permanent marker from white boards, homemade cleaners for mirrors, bathrooms, grease in the kitchen, removing sticker residue, homemade air fresheners and more. With so many ways to use Equate Wintergreen 50% Isopropyl Alcohol is great to keep in your house.","Antibacterial cleansing agent helps prevent the risk of infection,Use for preparation of skin prior to injection,Cleaning topical cuts, scrapes, and bruises,Removes permanent marker from white boards,Makes great homemade cleaners for mirrors, bathrooms, grease in the kitchen,Removes sticker residue,Good homemade air freshener",Health
"60 Pack Mini Craft Mirrors, 2 inches Circle Round Glass Mosaic Tile Pieces, Small Crafts Mirror for Home Wall Decoration Crafts DIY Projects",https://www.walmart.com/ip/60-Pack-Mini-Craft-Mirrors-2-inches-Circle-Round-Glass-Mosaic-Tile-Pieces-Small-Crafts-Mirror-for-Home-Wall-Decoration-Crafts-DIY-Projects/704558086,10.99,5.0,4,Package Includes,"Craft Mirror - 60-Pack Mini Round Mirror Circles for Home Décor & DIY Craft, 2"" x 1,Craft Mirror - 60-Pack Mini Mirror Circles, Glass Mosaic Tile Pieces for Home Decor, DIY Craft Projects, 2-Inch Diameter,CREATE BEAUTY: Make your own mirror mosaic at home to give any space amazing decor.,SMOOTH SAILING: These mirrors are smooth and have unfinished edges meaning you could add your own touches.,COMPACT: Make your own beauty compact at home or replace a broken mirror in your favorite one.,MAKE CRAFTS: Add these to your latest project to make any craft shine and shimmer.,DIMENSIONS: Each of the 60 mirrors has a 2 inch diameter.,Do you need the perfect shiny thing to add to a craft project or home decor idea? This 60 pack of beautifully reflective mirrors could be just the thing. Each mirror is perfectly round with an unfinished edge, meaning you can add your own style to it. Make a mirror mosaic at home or at the office to open up a space and reflect more light into the space. You can also use these mirrors to make a compact for putting on makeup or repair on that is already broken. Each mirror has a diameter of 2 inches.,Product names are trademark of listed manufacturer or other owners, and are not trademarks of eForCity Corp. The manufacturer does not necessarily endorse use of these products.",Arts Crafts & Sewing
"InterDesign Microfiber Spa Non-Slip Long Bathroom Rug, 60"" x 21"", White",https://www.walmart.com/ip/InterDesign-Microfiber-Spa-Non-Slip-Long-Bathroom-Rug-60-x-21-White/33663960,44.84,4.5,18,,,Home
"Value 6 Inch Polyester Filled Quilted Top Bunk Bed Mattress, Twin, Navy",https://www.walmart.com/ip/Value-6-Inch-Polyester-Filled-Quilted-Top-Bunk-Bed-Mattress-Twin-Navy/10247115,63.00,3.5,3692,,,Home
"Queer Eye Rylie Track Arm Sofa, Black Faux Leather",https://www.walmart.com/ip/Queer-Eye-Rylie-Track-Arm-Sofa-Black-Faux-Leather/149727782?wpa_bd=&wpa_pg_seller_id=F55CDC31AB754BB68FE0B39041159D63&wpa_ref_id=wpaqs:3AJBwPMrmv9iCCxg_f2E_F7f2-OE8cY-USgDU4snbZhIYPgQAsp6jmUmkwzZFwGZ9YYJoTUwhNTE3zkULQJUAwtT39bY7dvF7Zrfy5nHKo4JSwMxxA98BfHxON48Bw873aFZCMVRxXNGYPCn89XFvVZpxChji9eHtgdxMJKBOnET367eYLrUsi8kBfA7NsmGlNjY_3WoYkVJIUxhnI3EXQ&wpa_tag=__tag__&wpa_aux_info=__aux_info__&wpa_pos=4&wpa_plmt=__plmt__&wpa_aduid=__aduid__,299.00,5.0,8,,,Home
Espresso Straw Weave 4 Panel Room Divider with One Shelf,https://www.walmart.com/ip/Espresso-Straw-Weave-4-Panel-Room-Divider-with-One-Shelf/34933880,83.30,4.2,10,,,Home
L.O.L. Surprise! O.M.G. Remix Kitty K Fashion Doll – 25 Surprises with Music,https://www.walmart.com/ip/L-O-L-Surprise-O-M-G-Remix-Kitty-K-Fashion-Doll-25-Surprises-with-Music/536878639,34.88,4.8,27,"O.M.G. we sisters are ready to take the stage, but everything on our So Extra Tour got remixed – from our music to our fashions. We’re calling all B.B.s to join with our crew, and together, we’ll put on a concert that will bring down the house. We’ll take our fresh sound, outrageous fashion and showstopping moves and do what we do best – play that fierce music and remix this vibe. Unbox L.O.L. Surprise! O.M.G. Remix fashion doll – Kitty K – with 25 surprises. Kitty K is just an R&B diva, who lives for the spotlight in her shimmering coat and holographic bodysuit. She has stunning features, beautiful, styled hair, and her own showstopping style. She's the big sister to fan favorite L.O.L. Surprise! character, Kitty Queen, and she's ready for the ultimate concert – the So Extra Tour. But she needs your help, because everything got remixed! Unbox the full-size record and play it on her record player packaging. It really plays a Kitty K's R&B piece of a surprise song. Then, get her ready for the show. Kitty K includes 2 complete fashion looks – but her 2nd outfit got remixed! Collect her BFF, Pop B.B., to complete her look just in time to take the stage! She also includes music accessories, so she's ready for the concert. Have her strike a pose to show her off on her included doll stand. She also includes her magazine with the lyrics to her piece of the song. Collect all the lyric sheets from the whole L.O.L. Surprise! Remix line to reveal the whole song. Or, mix & match lyrics to create your own Remix. Each L.O.L. Surprise! O.M.G. Remix includes a fashion doll, 2 fashion looks, 1 pair of shoes, a shoebox, accessories, a hat box, a hair brush, a doll stand, a full-size record, a lyric magazine and a package that really plays music. Collect all 4 L.O.L. Surprise! O.M.G. Remix fashion dolls. Collect the whole L.O.L. Surprise! Remix line to collect all the song lyrics and complete the surprise song.","UNBOX 25 SURPRISES with L.O.L. Surprise! O.M.G. Remix fashion doll, Kitty K. She has stunning features, styled hair and articulated for tons of poses! ,FASHION REMIX: Kitty K comes with 2 fashion looks, but her 2nd outfit got remixed with her BFF, Pop B.B. Collect both to complete her look.,R&B DIVA: Kitty K is inspired by R&B music, with her shimmering coat and holographic bodysuit perfect for the spotlight. Dress Kitty K in her fierce fashions. PRO TIP: Hands are removable for easy dressing. ,SPIN RECORD TO PLAY MUSIC: Unbox Kitty K's full-size record that really plays music on the package. Play the record to reveal Kitty K's R&B piece of a surprise song. ,UNBOX SONG LYRICS: Kitty K also includes a magazine with her song lyrics. Collect all the lyric sheets from the whole L.O.L. Surprise! Remix line to reveal the whole song. Or, mix & match lyrics to create your own Remix. ,INCLUDES: fashion doll, 2 fashion looks, 1 pair of shoes, shoebox, accessories, hat box, hair brush, garment bags, doll stand, record, lyric magazine and record player package that plays music.,COLLECT ALL 4 L.O.L. Surprise! O.M.G. Remix fashion dolls.",Gifts & Registry
770P PLUS 12.5 ft Telescoping Ladder,https://www.walmart.com/ip/770P-PLUS-12-5-ft-Telescoping-Ladder/12343303,321.94,4.6,25,"The Xtend+Climb ® Home Series 770P+ is a versatile telescoping ladder designed with homeowners and do-it-yourselfers in mind. Standing at 12.5 feet and retracts down to 32 inches, the 770P+ is the tallest of the three Home Series models making it the perfect for reaching those higher areas around the house. As part of the Home Series, the 770P+ is compact and easy to use but still has the strength, safety, and durability to tackle projects around the home. It extends and locks by the foot, so it's only as tall as you need it. The double overmolded feet ensure traction. When you are done cleaning windows, clearing gutters or painting, this adjustable ladder goes right back into the smallest closet or corner of the garage and stays out of the way until you need it again. Safe and easy to use, the 770Pplus makes difficult chores easier, leaving more time for relaxation and fun around the house.12.5 ft Telescoping Ladder",,Home Improvement
5' FG STEP LDR IA,https://www.walmart.com/ip/5-FG-STEP-LDR-IA/21271263,84.69,5.0,9,"The 6205 Werner 5' Fiberglass Step Ladder is ideal for the homeowner or the professional, as well as for many different tasks and projects. With a duty rating of 300 lbs, it features a HolsterTop with the Lock-In System to secure tools from falling while keeping them right at hand. This 5' step ladder offers a full set of rear horizontals and heavy-duty internal spreaders to make it sturdy and stable and to keep you safe as you use it. All steps are knee braced and the foot pads are riveted to the EDGE structure. The EDGE bracing system helps protect the rail from damage. This Werner 5' Fiberglass Step Ladder has TRACTION-TRED steps, each of which is slip resistant and double riveted. It also has fiberglass rails are non-conductive, making it suitable for working near electricity.","Stepladder,Heavy duty,Fiberglass,Orange,300 lb weight limit,21.63"" width x 35.13"" spread,5',Heavy-duty step ladder has full set of rear horizontals and heavy-duty internal spreaders,Non-conductive fiberglass rails,HolsterTop with Lock-In System on top step,Knee-braced steps,Slip-resistant, double-riveted TRACTION-TRED steps,Foot pads are riveted to EDGE bracing system",Home Improvement
"3M WorkTunes Connect Hearing Protector, Bluetooth Technology",https://www.walmart.com/ip/3M-WorkTunes-Connect-Hearing-Protector-Bluetooth-Technology/402823314,60.00,3.8,372,"3M™ WorkTunes™ Connect Hearing Protector with Bluetooth® wireless technology combines a modern, comfortable design with high-fidelity sound quality. This innovative hearing protection lets you conveniently make and take phone calls. Equipped with Bluetooth® Wireless Technology, these ear-protective headphones allow you to stream the entertainment of your choice from your smartphone or other mobile device, while providing hearing protection in noisy environments. The low profile and lightweight design is crafted with style in mind. Built-in comfort features such as soft ear cushions and a hat-compatible headband are excellent for extended wear. Whether you're using a power saw or mowing the day away, reach for 3M™ WorkTu¬nes™ Connect Hearing Protector with Bluetooth® wireless technology to help make your workday entertaining and–most importantly ¬comfortable.","NRR of 24 dB (Noise Reduction Rating)*,BLUETOOTH ® TECHNOLOGY lets you seamlessly stream entertainment from your mobile phone and any other Bluetooth® enabled device,HIGH-FIDELITY SPEAKERS provide premium sound quality,INTEGRATED MICROPHONE lets you make and take phone calls without removing the hearing protection,CORD AND ANTENNA-FREE design lets you move easily on the job,SIMPLE SINGLE-BUTTON INTERFACE allows you to stay focused on the job,AUDIO ASSIST TECHNOLOGY provides operational and set-up guidance¬–without having to take off the hearing protector,FLEXIBLE HEADBAND with cutouts to improve comfort when worn with caps,LIGHTWEIGHT, LOW-PROFILE DESIGN is great for extended wear",Home Improvement
14 pcs Jig Saw Blade,https://www.walmart.com/ip/14-pcs-Jig-Saw-Blade/302318349,8.54,,0,"|Metal Cutting Cobalt Steel Blades:| (2) 32T, (2) 24T, (2) 18T, (2)|Wood Cutting High Alloy Steel Blades:| (2) 10T, (2) 8T, (2) 6TComplete w/ Storage Case14 pcs Jig Saw Blade",,Home Improvement
Skechers Work Burgin - Tarlac Steel Toe Boot (Men's),https://www.walmart.com/ip/Skechers-Work-Burgin-Tarlac-Steel-Toe-Boot-Men-s/478890591,50.95,4.2,244,,,Clothing
"XO Vision X358 7"" Single-din In-dash DVD Receiver With Bluetooth",https://www.walmart.com/ip/XO-Vision-X358-7-Single-din-In-dash-DVD-Receiver-With-Bluetooth/46488436,99.87,4.3,71,"The XO Vision 7"" Dash Touchscreen DVD Receiver features the latest in car stereo technology. It is DVD/CD/MP3/MP4 compatible for playback of your favorite movies and music on the go. Add up to 30 preset AM/FM stations so you can find exactly the right tunes or talk radio shows to enhance your driving experience. A highly accessible USB port and aux-in on the front panel of this XO Vision DVD player provide a convenient connection for your removable storage devices and MP3 players. Enjoy safer hands-free conversations thanks to the built-in Bluetooth. A subwoofer can be connected to your Bluetooth to further enhance the sound of your calls, music or movies. The viewing window on this 7"" touchscreen car DVD receiver is simple to use. It slides out and flips up into a supported position. Reverse camera input is available on the player.The XO Vision DVD player has a 4-band EQ and ESP function. This dashboard media system includes an SD card slot.  ","7'' touchscreen DVD receiver with touchscreen controls,AM/FM with 30 presets,DVD/CD/MP3/MP4 compatible,Front USB port,SD card slot,AV input/output,XO Vision DVD player has reverse camera input,Subwoofer output,4-band EQ,Aux-in on front panel,ESP function,50W x 4 power output,In-dash DVD receiver with Bluetooth technology",Auto & Tires
（Free Gift 3Pcs Lens）Solar Powered Auto Darkening Welding Helmet Grinding Welder Professional Mask for MIG TIG ARC,https://www.walmart.com/ip/Free-Gift-3Pcs-Lens-Solar-Powered-Auto-Darkening-Welding-Helmet-Grinding-Welder-Professional-Mask-for-MIG-TIG-ARC/570419967,31.99,3.3,3,  ,"1. High strong materials and fire retardant,can prevent resistance,anti-aging.,2. High definition protective filter,you can see the welding conditions clearly when welding the goods.Welding luminosity is soft and comfortable.,3. It works the moment you start work,this products adopts advanced circuit design.,4. Striking the arc,the observing window darkens immediately.,5. Permanent UV/IR protection.,6. Fashion appearance.light designing ,wearing comfortable.,7. High performance solar cells and battery.,8. Sensitivity and delay time can be adjustable.,9. Grinding and welding mode can be chosen.,Specifications:,Light states:DIN 4,Dark states:DIN9-13 free adjustment(Outside Variable),View Area:9.2 x 4.2cm,Response time(bright to dark):<1/30000 seconds(normal tempteratur conditions),Sensitivity (welding based on current size):adjustable: low/high,Battery: battery+solar cells,no battery change required.,UV protecion:16 levels,Working temperature: -5℃~55℃,Storage temperature:-20℃~70℃,Masks materials:PP,Package include:,1 x Welding Helmet,3Pcs Lens,1 x User Manual,1. High strong materials and fire retardant,can prevent resistance,anti-aging.,2. High definition protective filter,3. It works the moment you start work,this products adopts advanced circuit design.,4. Striking the arc,the observing window darkens immediately.",Home Improvement
Exedy Racing Clutch 16085 Clutch Kit Fits 91-92 Supra,https://www.walmart.com/ip/Exedy-Racing-Clutch-16085-Clutch-Kit-Fits-91-92-Supra/161808048,261.68,,0,Clutch Kit,"Specified OEM Equipment Worldwide,Meets Or Exceeds Manufacturers Torque Ratings,Designed Using Latest Technology And Innovations,Durability By Advanced Engineering,Supplier To All 11 Japanese Manufacturers,Designed Using The Highest Quality Materials,Supplier To Ford And GM In USA,Ready To Meet The Customers Needs,Specified OEM Equipment Worldwide,Meets Or Exceeds Manufacturers Torque Ratings,Designed Using Latest Technology And Innovations,Durability By Advanced Engineering,Supplier To All 11 Japanese Manufacturers,Designed Using The Highest Quality Materials,Supplier To Ford And GM In USA,Ready To Meet The Customers Needs",Auto & Tires
"""UPG 12V 35AH Jazzy Select GT Power Chair Scooter Battery""",https://www.walmart.com/ip/UPG-12V-35AH-Jazzy-Select-GT-Power-Chair-Scooter-Battery/140086746,64.99,4.5,8,12V 35AH Jazzy Select GT Power Chair Scooter Battery,"UPG # D5722 UB12350 12V 35Ah,Dimensions: 7.75 inches x 5.19 inches x 7.13 inches. Weight: 22.50 Lbs,SLA/AGM maintenance free, spill proof battery,UPG # D5722 UB12350 12V 35Ah,Dimensions: 7.75 inches x 5.19 inches x 7.13 inches. Weight: 22.50 Lbs,SLA/AGM maintenance free, spill proof battery,Rechargeable battery that can be mounted in any position, resists shocks and vibration,1 Year Warranty",Auto & Tires
B&M 45195 Manual Transmission Shifter Lever Kit,https://www.walmart.com/ip/B-M-45195-Manual-Transmission-Shifter-Lever-Kit/742296468,546.95,5.0,1,"B&M Racing introduces the new Precision SportShifter for 2005-2018 Jeep Wrangler TJ and JK models equipped with the NSG370 6-speed manual transmission. The unit features a cnc billet aluminum case with an electric blue anodized finish which houses internal components made from super tough 4140 chromoly. The shift throw has been reduced by 35% over the factory shifter along with the detent pressure which has been significantly increased creating a noticeably stiffer shift feel. This was done to address problems with the softness of the factory shifter detent springs which easily pop out of gear while off-roading. The shifter uses the factory shift stick and knob, however a new B&M shift handle is also in the works that will accept a variety of traditional threaded knobs. B&M Racing is the first and only company to address the JK's need for an upgraded manual shifter option. Made and supported by a Lifetime Limited Warranty.WARNING: This product can expose you to chemicals including Lead; Chromium (hexavalent compounds) and Benzene which are known to the State of California to cause cancer and birth defects; or other reproductive harm (For more information go to www.p65warnings.ca.gov)Fits 2005-2018 Jeep Wrangler with NSG370 6-Speed Manual Transmission.MANUAL SPORT SHIFTER; 05-18 JEEP WRANGLER 6SPDMANUAL SPORT SHIFTER; 05-18 JEEP WRANGLER 6SPDMANUAL SPORT SHIFTER; 07-18 WRANGLERReduces Shift Throw By 35 PercentHeavy Duty Detent SpringsLimited Lifetime WarrantyManual ShifterCNC Machined45195; B/M; b and m; manual shifter; sport shifter; aluminum; jeep; wranglerB&M 45195 Manual Transmission Shifter Lever Kit",,Auto & Tires
Aqua Magic V RV Toilet Pedal Flush / High Profile / White - Thetford 31671,https://www.walmart.com/ip/Aqua-Magic-V-RV-Toilet-Pedal-Flush-High-Profile-White-Thetford-31671/50279102,134.59,4.3,91,"Aqua Magic V pedal flush is the RV toilet that can be installed in any recreational vehicle that accepts a permanent installation, has a classic design and a 17-1/2-inches seating height."," Aqua Magic V is a classic style RV toilet suited for all recreational vehicles, The toilet has a single-pedal system - press it halfway to add water to the bowl and all the way to flush - and 100% bowl coverage flush, Aqua Magic V has a textured lid which sheds water and resists scuffs, offering the comfort and feeling of a household toilet,Lightweight - only 9.8 lbs - plastic RV toilet, easy to install, use and service, To further reduce the water consumption you can install a hand sprayer, perfect for a hand rinse wash down,H: 18-1/2 in (47 cm) - from ground to highest point - lid closed,,L: 17-13/16 in (45.2 cm) - from front of the bowl to the back of the toilet,,W: 15-1/8 in (38.4 cm) - bowl size from side to side,Weight: 9.8 lbs (4.44 kg).",Auto & Tires
B-12 Chemtool Fuel Injector Cleaner,https://www.walmart.com/ip/B-12-Chemtool-Fuel-Injector-Cleaner/16817404,3.47,4.8,58,"Lower your emissions and reduce maintenance costs by regularly using the B-12 Chemtool Fuel Injector Cleaner to restore fuel-injectors to their original spray pattern. It is comprised of a high-energy, solvent-based formula that quickly disperses moisture and dissolves gum, varnish and other fuel residues from the entire fuel system. This B-12 fuel injector cleaner also cleans intake valves and port deposits, while enhancing gasoline engine performance and maximizing fuel economy. It is compatible with a number of vehicles, such as all-terrain, motorcycles, snowmobiles, marine boats, cars and more. This Berryman fuel injector cleaner comes in a convenient 15-ounce spray can.","Lowers emissions and reduces maintenance costs ,Restores fuel-injectors to their original spray pattern,Comprised of a solvent-based formula,Disperses moisture and residue from the entire fuel system,Cleans intake valves and port deposits,Enhances engine performance and maximizes fuel economy,B-12 Chemtool Fuel Injector Cleaner is compatible with a number of vehicles,Comes in a convenient 15 oz spray can",Auto & Tires
"zMAX Micro-Lubricant Engine Treatment Formula, 12 oz or 354 ml",https://www.walmart.com/ip/zMAX-Micro-Lubricant-Engine-Treatment-Formula-12-oz-or-354-ml/16778689,15.94,4.5,29,"The unique ability to soak into metal and help reduce harmful engine deposits helps zMAX increase gas mileage, restore power, extend engine life, extend engine life and reduce emission issues. zMAX begins as a pure lubricant. Our proprietary reformulation process alters the molecular structure, creating molecules that are smaller than those of conventional motor oils. zMAX Micro-lubricant molecules use the fluids in your vehicle as a carrier to reach the internal parts of your engine where ""It Soaks Into Metal"". Once it saturates the metal in your engine, zMAX helps reduce heat and friction, increase gas mileage, restore power, extend engine life, disperse carbon and reduce emission issues.","Formula has Unique Ability that Soaks into Metal,Our proprietary reformulation process alters the molecular structure, creating molecules that are smaller than those of conventional motor oils,Treatment is Helpful to Reduce Carbon Deposits and Friction,Can help to improve or restore fuel mileage in older cars,Can help to maintain fuel mileage in newer cars,Can help to reduce normal wear on engine valve stems, guides, piston rings, and skirts,Can help to reduce emissions in older cars,Designed to Restore Power, Extend Engine Life, and Dissipate Engine Heat,Qty: 12 oz bottle",Auto & Tires
A/C Pro Ultra Synthetic R-134a Refrigerant Recharge Kit - 20 OZ,https://www.walmart.com/ip/A-C-Pro-Ultra-Synthetic-R-134a-Refrigerant-Recharge-Kit-20-OZ/353326131,32.88,4.4,132,"A/C Pro Ultra Synthetic R-134a Refrigerant Recharge Kit helps make recharging your vehicle’s A/C easy and affordable. This A/C leak sealer includes a proprietary formula that seals rubber leaks in o-rings, gaskets, and hoses, and protects your A/C system while providing 2 times cooling boosters, versus the next leading brand of A/C recharge kits. Each A/C Pro r-134a refrigerant kit helps eliminate acid and moisture buildup to protect and extend the A/C system’s life. This A/C recharge kit comes with a reusable, extra-long braided charging hose and gauge for easy, convenient and accurate recharging. Take on car care yourself by recharging your vehicle's A/C with A/C Pro. Nothing cools like A/C Pro.","One 20 oz A/C Pro Ultra Synthetic R-134a Refrigerant Kit,This A/C recharge kit is formulated to help produce cold air and extend A/C system life,Contains approximately 17 oz of R-134a and 3 oz of additives to recharge a vehicle’s A/C system ,Ultra Synthetic Refrigerant helps seal common leaks in rubber components, and eliminates acid and moisture buildup,Comes with a reusable extra-long braided charging hose and gauge with trigger dispenser for easy and accurate recharging,Contains 2x cooling boosters compared to the next leading brand of A/C recharge kits,Fast and easy to use: find the low pressure port, measure the A/C system, and charge",Auto & Tires
75W90 Synthetic GL-5 Heavy Duty Automotive Gear Oil - 5 Gallon Pail (18L - 4.75 GAL),https://www.walmart.com/ip/75W90-Synthetic-GL-5-Heavy-Duty-Automotive-Gear-Oil-5-Gallon-Pail-18L-4-75-GAL/113542460,74.99,4.7,6,"Sinopec GL-5 Synthetic Heavy Duty Automotive Gear Oil is a high-performance gear oil, formulated with high-quality synthetic base oil and an advanced multifunctional additive system to meet the requirements of API GL-5. Designed for the lubrication of hypoid gear sets in passenger vehicles and commercial vehicles, where they offer excellent extreme pressure (EP) and anti-wear properties.","Axles, final drives and power take-off units in trucks, buses and off-highway vehicles used in various industries, including the construction, agricultural, forestry and mining sectors.,Differentials, gear boxes and steering gears, where a hypoid oil is required.,Some industrial gear sets, where an extreme pressure (EP) gear oil is required.,Excellent extreme pressure and anti-wear performance protects gears operating at high speeds and tooth pressures from abrasion, wear and welding, even in severe high-load and shock-loading conditions, extending component life.,Excellent thermal and oxidation stability minimize the build up of deposits and varnish, reducing wear, extending component life and ensuring longer oil life.,Protection against corrosion and rusting extends equipment life, and reduces maintenance costs.,Good low-temperature fluidity ensures optimum lubrication, even in cold start-up conditions, and prevents start-up wear.,Good anti-foaming properties ensure optimum oil film thickness, protecting components against wear, and minimize oil leakage.,Multi-grade oils can be used over a wider temperature range, and so can reduce the need for seasonal oil change thus reducing maintenance costs.,Fully compatible with common seal materials, to extend seal life and prevent fluid leakage.,5 Gallon Pail (18L - 4.75 GAL)",Auto & Tires
ubigear cable tester + crimp crimper + 100 pcs rj45 cat5 cat5e connector plug network tool kits,https://www.walmart.com/ip/ubigear-cable-tester-crimp-crimper-100-pcs-rj45-cat5-cat5e-connector-plug-network-tool-kits/149940146,17.99,4.5,13,[P].[amz_title],"1 x UbiGear Network Crimper 315 -- works for RJ11 (6P4C), RJ12 (6P6C) and RJ45 (8P8C) connectors,1 x UbiGear Cable Tester for cables with RJ45/RJ11/RJ12 Connector,100 x RJ45 RJ-45 CAT5 Modular Plug,1 x Wire Stripper (Free),One-Year Limited Warranty",Industrial & Scientific
Swanson ph Testing Tape with Dispenser 1 Kit,https://www.walmart.com/ip/Swanson-ph-Testing-Tape-with-Dispenser-1-Kit/271290682,13.30,4.6,64,"For optimum health, the body should remain in a neutral to alkaline pH state. With Swanson pH Testing Tape, you'll always know where you sit in the acid/alkaline spectrum.","A color-coded, easy-to-read chart makes it easy to get a fast, accurate reading,Gives you the ability to test pH balance,Features 15 feet of testing tape,100% MONEY BACK GUARANTEE - Our products reflect our commitment to giving you the best quality and service at the best price. We guarantee that every product you purchase is made from the purest, freshest nutrients and meets the highest quality standards. If you aren’t completely satisfied with any product(s) purchased within the last 30 days, simply return the unused portion to us for a full refund.,Per GMP guidelines set forth by the FDA, most products are formulated for 24 months from the date of manufacture. Liquids and probiotics are formulated for 12 months.",Industrial & Scientific
EverStart Mini Butane Torch,https://www.walmart.com/ip/EverStart-Mini-Butane-Torch/29029306,11.29,3.9,81,"The EverStart Mini Butane Torch is a convenient, handheld tool that can be used for a variety of home needs. Use it for quick repairs, to weatherproof terminals, or for heat shrink tubing. The soldering torch can also be used to weld together metal with a press of a button. Its small size makes it easy to operate it with one hand and aim at more precise locations. Or use the handheld butane torch in your kitchen, for example if you want to quickly caramelize sugar when making creme brulee. This tool features a self-igniting electronic ignition for immediate usage and comes with a with safety lock system. Fill it with your own butane for operation and press the switch to adjust the flame. Because of its compact size, the EverStart Mini Butane Torch can be easily stored. Place the tool in your garage or toolbox for all of your quick repairing needs.","Convenient butane torch for a variety of home needs,Use the handheld butane torch for quick home repairs, in your garage, or in the kitchen,Features self-igniting electronic ignition for immediate usage,Comes with safety lock system,Handheld size makes it easy to operate with one hand and aim at more precise locations,Use switch to adjust the flame,The butane soldering torch is powered with butane gas (butane sold separately)",Home Improvement
" Full Face Shield,Protective Face Shield Anti Splash and Saliva Clear Film Protect Face and Eyes with Adjustable Band and Comfort Sponge",https://www.walmart.com/ip/nbsp-Full-Face-Shield-Protective-Face-Shield-Anti-Splash-and-Saliva-Clear-Film-Protect-Face-and-Eyes-with-Adjustable-Band-and-Comfort-Sponge/976297587,14.65,4.2,250," Lightweight and comfortable to wear, quick and easy to put on.","High Transmission PET material! It is made of double anti-fog PET material. Made with thick sponge for comfort.,Hypoallergenic foam band can absorb sweat and provide enough room for eyeglasses or safety goggles. Vented foam design for increased air flow and comfort.,Sonically welded band gives the face shield added strength and reliability. Lightweight and comfortable to wear, quick and easy to don.,Excellent protection against potential contamination from blood pathogens, body fluids, or harmful chemical splash.,Double-sided protective film! When you use it, you need to remove the bottom to achieve the best transparency.",Industrial & Scientific
Igloo 10-Gallon Seat Top Water Jug with Cup Dispenser - Orange,https://www.walmart.com/ip/Igloo-10-Gallon-Seat-Top-Water-Jug-with-Cup-Dispenser-Orange/14550424,49.39,4.7,46,"Going thirsty is not an option when you’re giving it 110%, especially on a hot day! The Igloo 10-Gallon Seat Top Water Jug is made to keep your whole crew—from your teammates on the field to your coworkers at the jobsite—hydrated with fresh, chilled water all day long. This beefy, high-capacity water-cooler jug holds a whopping 10 gallons of ice and water (or any other liquid that’ll keep everyone hydrated) that’ll stay ice-cold for up to 3.5 days, thanks to Igloo’s advanced cooler insulation. Igloo thought of everything else too. This large water jug features a handy, detachable cup dispenser so your teammates, workmates and friends can grab, and drink as needed without having to bring their own drinkware (but they are welcome to do that too). The pressure-fit lid (which doubles as a seat top) snugly stays on so liquids will not leak when you move the cooler from here to there (using the sturdy built-in handles) and unwanted debris stays out. Even the no-drip, push-button spigot is super easy to use and saves water from releasing unnecessarily.· Cup dispenser delivers refreshment at your fingertips · Ultratherm® insulation in body and lid keeps ice frozen up to 3.5 days · Push-button spigot is recessed and angled spigot · Sturdy, reinforced handles stand up to heavy loads · Cord tether keeps lid from getting lost or dirty · Sleek, pressure-fit lid cleans easily and won't trap dirt or mold",,Industrial & Scientific
"[200 Sets - 2 oz.] Plastic Portion Cups With Lids, Souffle Cups, Jello Shot Cups, Condiment Sauce Containers",https://www.walmart.com/ip/200-Sets-2-oz-Plastic-Portion-Cups-With-Lids-Souffle-Cups-Jello-Shot-Cups-Condiment-Sauce-Containers/425111876?wpa_bd=&wpa_pg_seller_id=86B4E72B3B794736983E2434730037DB&wpa_ref_id=wpaqs:p4ovNHwnq788BpIxDJ_QEs8JW1_IGol39oHOyx0lbO2B4uhwhwQ9WGUAhfX-QNOzcBiuxc4wKfHK1xGRLRa85ekrCI2Vs7bfae9sy41OnlUDrFkTvDklnQ7TZEYBO-AyitDTx4Hk3-mn9BV2fxygt1kLam3XYNTd0Vdhzf84xHUbv6883rzgbAX01QXh_PTWzvutgEcxFvKSYet36H1sSQ&wpa_tag=__tag__&wpa_aux_info=__aux_info__&wpa_pos=8&wpa_plmt=__plmt__&wpa_aduid=__aduid__,11.99,4.4,7,"[200 Sets - Value Pack] Plastic Portion Cups featuring a classic translucent color and convenient 2 oz. size, this Comfy Package polystyrene souffle/portion cup makes the ideal addition to buffet lines, tasting sessions, take-out, or in-house restaurant use. Use it to serve salad dressings, condiments, sauces, samples, and more! It's also great as jello shot cups.","[200 Sets - Value Pack] 2 oz. plastic jello shot cups, condiment cups, portion cups with lids made of durable crack-resistant polypropylene.,Airtight lids with audible snap closure to ensure secure lid seal and no leaks at all.,The 2 oz. capacity is perfect for dressings, condiments, sauces, jello shots, food samples, and more.,Overall Dimensions: Top Diameter: 2 3/4"" Bottom Diameter: 1 5/8"" Height: 1 1/4"" Capacity: 2 oz.,Stackable and additional separate bags for the containers and lids so to be easy to store and access.",Household Essentials
($112 Value) Gucci Bloom Acqua Di Fiori Eau De Toilette Perfume For Women 3.3 Oz,https://www.walmart.com/ip/112-Value-Gucci-Bloom-Acqua-Di-Fiori-Eau-De-Toilette-Perfume-For-Women-3-3-Oz/205930254,73.94,5.0,5,,,Premium Beauty
Dji Spark Part3 Intelligent Flight Battery,https://www.walmart.com/ip/Dji-Spark-Part3-Intelligent-Flight-Battery/241478296,75.00,4.6,5,"An intelligent batttery dedicated to Spark. With a capacity of 1480 mAh and voltage of 11.4 V, it enables a flight time of 16 minutes when fully charged. Spark uses a high energy density LiPo battery for optimal performance. 12 intelligent protection functions help deliver safe flight. Additionally, Spark's battery estimates remaining flight time, letting you know when to land in real-time.Dji CP.PT.000789 Spark Part3 Intelligent Flight Battery",,Electronics
